{
  "params": {
    "whale": [
      0.008452850296364552,
      -0.22761154281409826
    ],
    "technical": [
      -0.015974559757628303,
      -0.02306054788802414
    ],
    "derivatives": [
      -0.007266639674713337,
      -0.06195501211364252
    ],
    "narrative": [
      0.019913683014267613,
      -0.5800354645974558
    ],
    "market": [
      -0.06849721523219227,
      0.11645983076686063
    ],
    "trend": [
      -0.02912876306977337,
      0.424961715638068
    ]
  },
  "fit_stats": {
    "whale": {
      "n_samples": 19839,
      "A": 0.008452850296364552,
      "B": -0.22761154281409826,
      "brier_score": 0.2483,
      "accuracy": 0.5398,
      "mean_prob": 0.4648,
      "mean_outcome": 0.4648
    },
    "technical": {
      "n_samples": 19839,
      "A": -0.015974559757628303,
      "B": -0.02306054788802414,
      "brier_score": 0.248,
      "accuracy": 0.5352,
      "mean_prob": 0.4648,
      "mean_outcome": 0.4648
    },
    "derivatives": {
      "n_samples": 19839,
      "A": -0.007266639674713337,
      "B": -0.06195501211364252,
      "brier_score": 0.2485,
      "accuracy": 0.5352,
      "mean_prob": 0.4648,
      "mean_outcome": 0.4648
    },
    "narrative": {
      "n_samples": 19839,
      "A": 0.019913683014267613,
      "B": -0.5800354645974558,
      "brier_score": 0.2443,
      "accuracy": 0.5835,
      "mean_prob": 0.4648,
      "mean_outcome": 0.4648
    },
    "market": {
      "n_samples": 19839,
      "A": -0.06849721523219227,
      "B": 0.11645983076686063,
      "brier_score": 0.2471,
      "accuracy": 0.5316,
      "mean_prob": 0.4648,
      "mean_outcome": 0.4648
    },
    "trend": {
      "n_samples": 19839,
      "A": -0.02912876306977337,
      "B": 0.424961715638068,
      "brier_score": 0.2448,
      "accuracy": 0.5689,
      "mean_prob": 0.4648,
      "mean_outcome": 0.4648
    }
  }
}